"relative_path","size_bytes","sha256"
".gitattributes","428","3349e91b28c63122f07781fd9a42418ae5e9566ddf1df51cfae69ba7d785c92c"
"DATA_DICTIONARY.md","2982","6d1b856e7af16b52f22c9305ed5c71407933368886f5d7eb2142787ae5f1ef52"
"LICENSE_DATA.md","1390","71259228f64173915f4c19cc06c16ec478f8bb375c0261c7fb0a63f7ab6c2b99"
"RESEARCH_DATA.md","3479","2b0c8c0ccbcde5021c348719304e95fac5217b29c4d47218ac348248551fe0f6"
"RESEARCH_DATA_METADATA.md","2268","3a8da00881ab2e0ef250845108316112f7803958234d826aff3e2f006ab2fec6"
"Validation/configuration/runs/20260716T155244.8161167Z-e02-live/manifest_public.json","7962","88093a7c89aff6e008d6a1ed938e1432acf746ebc00f80508dd661e3b5de9690"
"Validation/configuration/runs/20260716T155244.8161167Z-e02-live/validation_report.md","3191","add3d5cb45256fe6bac57773db7ed352570bae0b7369bc5851844e316ef46c38"
"Validation/integration/raw_data/semantic_integration/20260729T121702.782581Z-9b66527e/COMPLETED","29","10a26ba519fa48e79a208cb7afbcd401c8fe5f49f2edb3cbd39c51b517db54eb"
"Validation/integration/raw_data/semantic_integration/20260729T121702.782581Z-9b66527e/domain_table.csv","148","534fab4b26cf997001d8bdef697d128cc37c2125dc61bc8660526110c33e50de"
"Validation/integration/raw_data/semantic_integration/20260729T121702.782581Z-9b66527e/inputs/aggregation_results.jsonl","7744","55957d48033ee8b8a8c461ae89030213d96a58374f3a87fd012e74a6a61fbb38"
"Validation/integration/raw_data/semantic_integration/20260729T121702.782581Z-9b66527e/machine_vision_assignment.csv","237","2e4fbe7a4153ca38aa8e8adde9bef071128adaa5376331133bca78ac4d6deb8a"
"Validation/integration/raw_data/semantic_integration/20260729T121702.782581Z-9b66527e/manifest_public.json","7725","adcb805c13ea06e16aaa48a9b6c5c00993ad01b292d5f6c77906903698e999e0"
"Validation/integration/raw_data/semantic_integration/20260729T121702.782581Z-9b66527e/rules_per_namespace.csv","2705","fa73f7b52c3d12d29a918e2032deb5d9a018ef8b3d54ad94268483201a19b415"
"Validation/integration/raw_data/semantic_integration/20260729T121702.782581Z-9b66527e/rules_per_namespace_pair.csv","5817","ac024b117e898ca3ec8199acc66ca85ff88060c8f24ef36325955283d548213d"
"Validation/integration/raw_data/semantic_integration/20260729T121702.782581Z-9b66527e/summary.json","81067","66aba1ffdf4b0b7bae450f364f9e5dcfd50b27cf476f716445b3a530a9713af0"
"Validation/integration/raw_data/semantic_integration/20260729T121702.782581Z-9b66527e/VALIDATED","29","10a26ba519fa48e79a208cb7afbcd401c8fe5f49f2edb3cbd39c51b517db54eb"
"Validation/performance/derived/onboarding/onboarding_outcomes.csv","1643","ee4ef7b84b0410fa0132af39ce2b7dda678b9271ab8c2eae020c519e2bb30911"
"Validation/performance/derived/onboarding/processing_phase_times.csv","2947","25feea46b1a94c03a3d3ba65e97ff3dd4c8a0d5b54fa069a8280c8c2d4d4a18e"
"Validation/performance/derived/read_latency/20260717T081221.315204Z-e03-53712-eva-table4-r1/table4_rows.tex","167","1a07cebb98d8141569c595445a9d09a3d27c8cfa62de29fe045b020b110ebe2a"
"Validation/performance/derived/read_latency/20260717T081221.315204Z-e03-53712-eva-table4-r1/table4_summary.csv","241","b49769afda56e5453805386f3c8827f780a2fd4be6fb0a95f32caeeb03d330a8"
"Validation/performance/derived/read_latency/20260717T081221.315204Z-e03-53712-eva-table4-r1/table4_summary.json","1777","9cc8de3413dea89e98495a2dfc6cfe02b65093d3994735db701dc777930cc2c7"
"Validation/performance/derived/resource_usage/resource_usage_summary.csv","4090","9512bbb9d103215f1508c7ffb240159bf86b1460b61e32fb08dcf4de809b2aac"
"Validation/performance/derived/resource_usage/resource_usage_summary.json","71240","5a3caea639bbd97cc785d84bbfacece3589f6d6bbb56012583d9ff3fc6d1bd03"
"Validation/performance/raw_data/active_resource_measurements.json","1052","d05d12a3c1f1d4174c8a22f8c8f8bed734ebd7a6a560a69360cf0c285d55c83b"
"Validation/performance/raw_data/read_latency/20260717T081221.315204Z-e03-53712-eva-table4-r1/manifest.json","3892","e8caa9169df3a9f68e6207d6454ae68bb7ab266b119c9922f4828962cfeccef6"
"Validation/performance/raw_data/read_latency/20260717T081221.315204Z-e03-53712-eva-table4-r1/measurements.csv","3958525","8bdc6be884417d3da64d290f9906fbb8e225f59a0b94cecb07a0bfac12001550"
"Validation/performance/raw_data/read_latency/20260717T081221.315204Z-e03-53712-eva-table4-r1/outcome.json","419","31c32f6b53653b18f6672d8dee07b157fd924efb8c92a373d7180e2b5e213396"
"Validation/performance/raw_data/resource_usage/pi5_linux_distributed/1n1.csv","169037","fe9894f032c3e6c5c1192bbfb6e930b087880a59e1830de9169760504e240e0b"
"Validation/performance/raw_data/resource_usage/pi5_linux_distributed/1n10.csv","173045","8ed29dfd9e5c1c53d49d818c0723e1573a40ae5a140100e0a55b40d1324fa00b"
"Validation/performance/raw_data/resource_usage/pi5_linux_distributed/1n100.csv","178688","8d6a6256dcdf302c3803d2ba902c77be40e500b2483db91dc6d31e477c8d5db5"
"Validation/performance/raw_data/resource_usage/pi5_linux_distributed/1n25.csv","179026","855054bd1a84b014baf47a0efd86bbdcf2c02d2676778a2e90ad0642efdac217"
"Validation/performance/raw_data/resource_usage/pi5_linux_distributed/1n5.csv","173029","716b611445cad90daecde851d55c991ff5061b89f80b33008e23e9536e2eeaa7"
"Validation/performance/raw_data/resource_usage/pi5_linux_distributed/1n50.csv","179044","c2524f1207a179a5cd435dc119542124b79f324144c8a4bda1207298b45d6d4e"
"Validation/performance/raw_data/resource_usage/pi5_linux_distributed/1n75.csv","178804","c6bef7dad2dca95e4991827b3d585d9e76ca61073db47d56039f2d9aede09d85"
"Validation/performance/raw_data/resource_usage/pi5_linux_distributed/2n1.csv","177038","b547479938f864c0c04b8978e096a4fe13905b3ce5ca5fc7be4ee5a5b3e6092f"
"Validation/performance/raw_data/resource_usage/pi5_linux_distributed/2n10.csv","177043","c2fba43c3aec7a3b76e163fd9dbdcb619288d7f4bbe7164509e8e64cd2f5b4c5"
"Validation/performance/raw_data/resource_usage/pi5_linux_distributed/2n100.csv","178739","80b542de9243dcded644732860e6afedd0d8b0408f497e3c416d2b7f85190cbf"
"Validation/performance/raw_data/resource_usage/pi5_linux_distributed/2n25.csv","178900","1a07cf0f1de648335809b5ec4acb57197eb8f7e4c1c3580cb65d7a0fac7374e0"
"Validation/performance/raw_data/resource_usage/pi5_linux_distributed/2n5.csv","177030","1f6d0d3f1c48ad03204d1c6a4bc7c033b69ff8a192847e7c59cb07dfb6a6560c"
"Validation/performance/raw_data/resource_usage/pi5_linux_distributed/2n50.csv","178920","320798a77e66207613545fe535cfb7d028f3c6fa3d8f85a3e3b9746d4f1d060f"
"Validation/performance/raw_data/resource_usage/pi5_linux_distributed/2n75.csv","178811","f3bada80f258b4a822f4cc4534418c1cf69bf63505ded2285fcbe91398340c27"
"Validation/performance/raw_data/resource_usage/pi5_linux_distributed/3n1.csv","177037","47993f28f7851ea2ed661de69c05d6b57ff90cd92f51f052d2f721681cbcbf81"
"Validation/performance/raw_data/resource_usage/pi5_linux_distributed/3n10.csv","177048","ec62ee057ec846f293816dd40d754c48167ba6293c81eeee7906c2e9b7e3e239"
"Validation/performance/raw_data/resource_usage/pi5_linux_distributed/3n100.csv","178722","4a605a78a3a8079a91f4b5a5c472935bab7fcdb9edfdf4176f0bb9812121f430"
"Validation/performance/raw_data/resource_usage/pi5_linux_distributed/3n25.csv","178887","739d88c464df01f6691eebe6832e746d78ab88975517993daf499512ea7cf98e"
"Validation/performance/raw_data/resource_usage/pi5_linux_distributed/3n5.csv","177029","5d883980bf6967e0da9230fbf86b314e41a6efa0b23bcfad0a2aa119988d8a1f"
"Validation/performance/raw_data/resource_usage/pi5_linux_distributed/3n50.csv","178940","4ae07ac5f6561763f2dd3be01a407233a35cf2e4bfa93eda0b97036b1116ed85"
"Validation/performance/raw_data/resource_usage/pi5_linux_distributed/3n75.csv","178880","7177d6ec1a7915da351cab505e9e67c74c3bc9872df01e20fb98b45f487a33c2"
"Validation/performance/raw_data/resource_usage/pi5_linux_distributed/artifacts/1n1/pi/aggregation_server.stdout.log","2509","3d0604b5004617afe7a2e5aa524b402561aac2ce9d3956a41256a15768be31f0"
"Validation/performance/raw_data/resource_usage/pi5_linux_distributed/artifacts/1n10/pi/aggregation_server.stdout.log","24992","39c101c8fad6aa7329abaa2304f3321eaf095155c2e63114d37b27f3789153e1"
"Validation/performance/raw_data/resource_usage/pi5_linux_distributed/artifacts/1n100/pi/aggregation_server.stdout.log","250107","da15ed3c9ac5e5d325df43866dc28caa45bb7144316946ff044b7810b7b352a9"
"Validation/performance/raw_data/resource_usage/pi5_linux_distributed/artifacts/1n25/pi/aggregation_server.stdout.log","62495","2457991794e582773ad3e97a4165382ab5b7ab7165136171f0c32f94ccb68ff5"
"Validation/performance/raw_data/resource_usage/pi5_linux_distributed/artifacts/1n5/pi/aggregation_server.stdout.log","12575","523632219414c22328db0f3d75651a374778b9a83e6cb664bbae9916400fbcc8"
"Validation/performance/raw_data/resource_usage/pi5_linux_distributed/artifacts/1n50/pi/aggregation_server.stdout.log","125097","e132f9e007466af358c86a28943631dd3c0c32326e8fe50c6d1839ad50ac2517"
"Validation/performance/raw_data/resource_usage/pi5_linux_distributed/artifacts/1n75/pi/aggregation_server.stdout.log","187508","aaa5a7df055fc786ea3e2a723848bf8b4a46fd2950a91974ed81f640fe68685c"
"Validation/performance/raw_data/resource_usage/pi5_linux_distributed/artifacts/2n1/pi/aggregation_server.stdout.log","2509","4fd41091b1a16b6951e324635d960e273f7900c247c0dcad9db6a6c9a4f36b78"
"Validation/performance/raw_data/resource_usage/pi5_linux_distributed/artifacts/2n10/pi/aggregation_server.stdout.log","24990","8bf94e79c0cf4c41fd81557f23cf123904fa8c5763824886363580511652f0c3"
"Validation/performance/raw_data/resource_usage/pi5_linux_distributed/artifacts/2n100/pi/aggregation_server.stdout.log","250100","5583162c3bfaeba2f1eb8f58b6a785b4679af82f56f05e9cd34499a75793f016"
"Validation/performance/raw_data/resource_usage/pi5_linux_distributed/artifacts/2n25/pi/aggregation_server.stdout.log","62499","3719ab67cbe2a5540858eb2a3165d78f2faa67d7347913a509feafde9ebc4e83"
"Validation/performance/raw_data/resource_usage/pi5_linux_distributed/artifacts/2n5/pi/aggregation_server.stdout.log","12570","d51d84f1cd39d913ff9ad0fe2fb26da61e7786409922adbadec7cde1e6945f22"
"Validation/performance/raw_data/resource_usage/pi5_linux_distributed/artifacts/2n50/pi/aggregation_server.stdout.log","125087","3cc3d5de3e7085821c5b5f3450d6a71dfbf2f8a95b1e48e6617b3c840c16d780"
"Validation/performance/raw_data/resource_usage/pi5_linux_distributed/artifacts/2n75/pi/aggregation_server.stdout.log","187526","6f4512b808f78818408e7079c326ac41a93a0540c6f484a6214d728d1531ad5b"
"Validation/performance/raw_data/resource_usage/pi5_linux_distributed/artifacts/3n1/pi/aggregation_server.stdout.log","2510","8720406a9e9b1d60c48f53f105cf749222161573f2cb38815f9e2767fad29f2f"
"Validation/performance/raw_data/resource_usage/pi5_linux_distributed/artifacts/3n10/pi/aggregation_server.stdout.log","24989","4ad43b7f795f8d172495c159f338ad13e625caf26211fab98fc0ded54ff7aef7"
"Validation/performance/raw_data/resource_usage/pi5_linux_distributed/artifacts/3n100/pi/aggregation_server.stdout.log","250102","02b522ae0a6a7dfff7aa861f4c7cd79ea7d5b718da0925419697cf92e67a870a"
"Validation/performance/raw_data/resource_usage/pi5_linux_distributed/artifacts/3n25/pi/aggregation_server.stdout.log","62503","64e78cafd71490e834a248af64dad99faa9f237cf3a7d70d37a77aecc5c4ad90"
"Validation/performance/raw_data/resource_usage/pi5_linux_distributed/artifacts/3n5/pi/aggregation_server.stdout.log","12573","41d437f2e8ca330b39ee7630465d21d4f1f2b03996a94f45b29635582b04bcdc"
"Validation/performance/raw_data/resource_usage/pi5_linux_distributed/artifacts/3n50/pi/aggregation_server.stdout.log","125079","26b5e30d0c5251018d11663beab2ce799caba1e0b657aafe0602dcf3bd35a6c8"
"Validation/performance/raw_data/resource_usage/pi5_linux_distributed/artifacts/3n75/pi/aggregation_server.stdout.log","187529","859a0cf1b1e0c34df09ea8539084790e80cebc790349f8402f70ecdd9690fdef"
"Validation/performance/raw_data/resource_usage/pi5_linux_distributed/manifests/1n1.json","5905","1abf0411d18c59878639629eca87479823102d4d3875b1545c42ecbc480b45d7"
"Validation/performance/raw_data/resource_usage/pi5_linux_distributed/manifests/1n10.json","5916","e3a57b475e8e80b712e693f227ed77716b837a8a31bff264331b3e6ef883a943"
"Validation/performance/raw_data/resource_usage/pi5_linux_distributed/manifests/1n100.json","5927","f65a853d00d7b1b8f43f3d5354dce2ba0a8b9bccd7a3c442c002221088ddd463"
"Validation/performance/raw_data/resource_usage/pi5_linux_distributed/manifests/1n25.json","5916","eeb5355e3d0f64e205944c720ea51d207734606dad92023066012d9a1feaa06c"
"Validation/performance/raw_data/resource_usage/pi5_linux_distributed/manifests/1n5.json","5905","d45cae0bdfe74860fff87de5171ca9206cb90e42414108ab483d48d19d035a21"
"Validation/performance/raw_data/resource_usage/pi5_linux_distributed/manifests/1n50.json","5916","665fbe9d102faf6d3533a15f537f92c238054733d130eacd3c7ad825ef386991"
"Validation/performance/raw_data/resource_usage/pi5_linux_distributed/manifests/1n75.json","5916","450f12b5730214c3d9b8a10880cb4a40cb901e5bfff284c41a5d27820a0935a8"
"Validation/performance/raw_data/resource_usage/pi5_linux_distributed/manifests/2n1.json","5905","0939fa0565f7b682aeda25ebe29099930d6ec87bfe94042e9f16672a76088632"
"Validation/performance/raw_data/resource_usage/pi5_linux_distributed/manifests/2n10.json","5916","51304d977cc5fd705ff620697cb50d55783a1fbf8b2c581dc7d3db72f703d67d"
"Validation/performance/raw_data/resource_usage/pi5_linux_distributed/manifests/2n100.json","5927","daf7ca2792bc3bbf7e2ebbc9f7df3f7bbfe75fc9a1b8042f4e18cec04e6948c0"
"Validation/performance/raw_data/resource_usage/pi5_linux_distributed/manifests/2n25.json","5916","c7cbf00a888dec43893ff351908082590d928a3ce2a87bb24a5ee41c3f77dd18"
"Validation/performance/raw_data/resource_usage/pi5_linux_distributed/manifests/2n5.json","5905","c34622e794778566d40e0e96fdf934ab32b048aeb1f009d747447360a464ca09"
"Validation/performance/raw_data/resource_usage/pi5_linux_distributed/manifests/2n50.json","5916","7ac1b3b217a34238e208b92683d71c36ca9fd6655732918a958ae67744d7506d"
"Validation/performance/raw_data/resource_usage/pi5_linux_distributed/manifests/2n75.json","5916","d3f3522fa52f78721a6e459be65d34df14f2e191a62504e6c5283bc80c8732c0"
"Validation/performance/raw_data/resource_usage/pi5_linux_distributed/manifests/3n1.json","5905","2f0b0f8314638c06349c7f0d27b9cdb708c0c22d122d0a3e5314119da4233c6b"
"Validation/performance/raw_data/resource_usage/pi5_linux_distributed/manifests/3n10.json","5916","5640e7c605b975c7568be7c65adadd4e3dba0a63cdd0df9aa6f132bc0aac6ea8"
"Validation/performance/raw_data/resource_usage/pi5_linux_distributed/manifests/3n100.json","5927","df3476a9afaf4c23cf5db8361342f7b2b639954bd50b7e0c927a7fcd3ed885ab"
"Validation/performance/raw_data/resource_usage/pi5_linux_distributed/manifests/3n25.json","5916","ad5153ccdc9a43f7ae9641fba67106d2fed90122a01cd542ca3f06becab39fcf"
"Validation/performance/raw_data/resource_usage/pi5_linux_distributed/manifests/3n5.json","5905","ba2ab48af3e14bf9745ffad98d79489bbfd34dc23d01ac87d2a7000b145eee6a"
"Validation/performance/raw_data/resource_usage/pi5_linux_distributed/manifests/3n50.json","5916","c1b2796d4d79695b66bf56320cca424e0663423b79a5f2cc58f40d56f16f9f29"
"Validation/performance/raw_data/resource_usage/pi5_linux_distributed/manifests/3n75.json","5916","01ae309613661b0b407bdcd738c9c3b277cbbcb34ea8d8678f88664017beb442"
