source_namespace_uri,target_namespace_uri,anzahl_regeln
http://opcfoundation.org/UA/Woodworking/urn:plcm:woodworking:004,http://opcfoundation.org/UA/Woodworking/,66
http://opcfoundation.org/UA/Robotics/urn:plcm:robotics:003,http://opcfoundation.org/UA/Robotics/,79
http://opcfoundation.org/UA/Robotics/urn:plcm:robotics:003,http://opcfoundation.org/UA/DI/,43
urn:plcm:validation:robotics:urn:plcm:robotics:003,http://opcfoundation.org/UA/DI/,11
urn:plcm:validation:robotics:urn:plcm:robotics:003,http://opcfoundation.org/UA/Robotics/,8
http://opcfoundation.org/UA/DI/urn:plcm:robotics:003,http://opcfoundation.org/UA/Robotics/,12
http://opcfoundation.org/UA/AdditiveManufacturing/urn:plcm:additive-manufacturing:004,http://opcfoundation.org/UA/AdditiveManufacturing/,3
urn:plcm:validation:additive-manufacturing:urn:plcm:additive-manufacturing:004,http://opcfoundation.org/UA/MachineTool/,7
urn:plcm:validation:additive-manufacturing:urn:plcm:additive-manufacturing:004,urn:plcm:validation:additive-manufacturing,64
urn:plcm:validation:additive-manufacturing:urn:plcm:additive-manufacturing:004,http://opcfoundation.org/UA/Machinery/ProcessValues/,371
urn:plcm:validation:additive-manufacturing:urn:plcm:additive-manufacturing:004,http://opcfoundation.org/UA/,14
http://opcfoundation.org/UA/AdditiveManufacturing/urn:plcm:additive-manufacturing:003,http://opcfoundation.org/UA/AdditiveManufacturing/,3
urn:plcm:validation:additive-manufacturing:urn:plcm:additive-manufacturing:003,http://opcfoundation.org/UA/MachineTool/,7
urn:plcm:validation:additive-manufacturing:urn:plcm:additive-manufacturing:003,urn:plcm:validation:additive-manufacturing,64
urn:plcm:validation:additive-manufacturing:urn:plcm:additive-manufacturing:003,http://opcfoundation.org/UA/Machinery/ProcessValues/,371
urn:plcm:validation:additive-manufacturing:urn:plcm:additive-manufacturing:003,http://opcfoundation.org/UA/,14
http://opcfoundation.org/UA/Robotics/urn:plcm:robotics:002,http://opcfoundation.org/UA/Robotics/,79
http://opcfoundation.org/UA/Robotics/urn:plcm:robotics:002,http://opcfoundation.org/UA/DI/,43
urn:plcm:validation:robotics:urn:plcm:robotics:002,http://opcfoundation.org/UA/DI/,11
urn:plcm:validation:robotics:urn:plcm:robotics:002,http://opcfoundation.org/UA/Robotics/,8
http://opcfoundation.org/UA/DI/urn:plcm:robotics:002,http://opcfoundation.org/UA/Robotics/,12
urn:plcm:validation:machine-vision:urn:plcm:machine-vision:002,http://opcfoundation.org/UA/MachineVision,7
urn:plcm:validation:machine-vision:urn:plcm:machine-vision:002,http://opcfoundation.org/UA/MachineVision/AMCM/,4
http://opcfoundation.org/UA/Woodworking/urn:plcm:woodworking:001,http://opcfoundation.org/UA/Woodworking/,66
urn:plcm:validation:machine-vision:urn:plcm:machine-vision:001,http://opcfoundation.org/UA/MachineVision,7
urn:plcm:validation:machine-vision:urn:plcm:machine-vision:001,http://opcfoundation.org/UA/MachineVision/AMCM/,4
urn:plcm:validation:machine-vision:urn:plcm:machine-vision:003,http://opcfoundation.org/UA/MachineVision,7
urn:plcm:validation:machine-vision:urn:plcm:machine-vision:003,http://opcfoundation.org/UA/MachineVision/AMCM/,4
http://opcfoundation.org/UA/Robotics/urn:plcm:robotics:004,http://opcfoundation.org/UA/Robotics/,79
http://opcfoundation.org/UA/Robotics/urn:plcm:robotics:004,http://opcfoundation.org/UA/DI/,43
urn:plcm:validation:robotics:urn:plcm:robotics:004,http://opcfoundation.org/UA/DI/,11
urn:plcm:validation:robotics:urn:plcm:robotics:004,http://opcfoundation.org/UA/Robotics/,8
http://opcfoundation.org/UA/DI/urn:plcm:robotics:004,http://opcfoundation.org/UA/Robotics/,12
http://opcfoundation.org/UA/Woodworking/urn:plcm:woodworking:002,http://opcfoundation.org/UA/Woodworking/,66
http://opcfoundation.org/UA/Woodworking/urn:plcm:woodworking:003,http://opcfoundation.org/UA/Woodworking/,66
http://opcfoundation.org/UA/Robotics/urn:plcm:robotics:001,http://opcfoundation.org/UA/Robotics/,79
http://opcfoundation.org/UA/Robotics/urn:plcm:robotics:001,http://opcfoundation.org/UA/DI/,43
urn:plcm:validation:robotics:urn:plcm:robotics:001,http://opcfoundation.org/UA/DI/,11
urn:plcm:validation:robotics:urn:plcm:robotics:001,http://opcfoundation.org/UA/Robotics/,8
http://opcfoundation.org/UA/DI/urn:plcm:robotics:001,http://opcfoundation.org/UA/Robotics/,12
http://opcfoundation.org/UA/AdditiveManufacturing/urn:plcm:additive-manufacturing:001,http://opcfoundation.org/UA/AdditiveManufacturing/,3
urn:plcm:validation:additive-manufacturing:urn:plcm:additive-manufacturing:001,http://opcfoundation.org/UA/MachineTool/,7
urn:plcm:validation:additive-manufacturing:urn:plcm:additive-manufacturing:001,urn:plcm:validation:additive-manufacturing,64
urn:plcm:validation:additive-manufacturing:urn:plcm:additive-manufacturing:001,http://opcfoundation.org/UA/Machinery/ProcessValues/,371
urn:plcm:validation:additive-manufacturing:urn:plcm:additive-manufacturing:001,http://opcfoundation.org/UA/,14
urn:plcm:validation:machine-vision:urn:plcm:machine-vision:004,http://opcfoundation.org/UA/MachineVision,7
urn:plcm:validation:machine-vision:urn:plcm:machine-vision:004,http://opcfoundation.org/UA/MachineVision/AMCM/,4
http://opcfoundation.org/UA/AdditiveManufacturing/urn:plcm:additive-manufacturing:002,http://opcfoundation.org/UA/AdditiveManufacturing/,3
urn:plcm:validation:additive-manufacturing:urn:plcm:additive-manufacturing:002,http://opcfoundation.org/UA/MachineTool/,7
urn:plcm:validation:additive-manufacturing:urn:plcm:additive-manufacturing:002,urn:plcm:validation:additive-manufacturing,64
urn:plcm:validation:additive-manufacturing:urn:plcm:additive-manufacturing:002,http://opcfoundation.org/UA/Machinery/ProcessValues/,371
urn:plcm:validation:additive-manufacturing:urn:plcm:additive-manufacturing:002,http://opcfoundation.org/UA/,14
