platform,matrix_run_id,server_count,repetition,source_listening,lds_registered,aggregation_terminal
pi5_linux_distributed,pdist-pilinux-20260730T091252Z-89617,1,1,1,1,1
pi5_linux_distributed,pdist-pilinux-20260730T091252Z-89617,5,1,5,5,5
pi5_linux_distributed,pdist-pilinux-20260730T091252Z-89617,10,1,10,10,10
pi5_linux_distributed,pdist-pilinux-20260730T091252Z-89617,25,1,25,25,25
pi5_linux_distributed,pdist-pilinux-20260730T091252Z-89617,50,1,50,50,50
pi5_linux_distributed,pdist-pilinux-20260730T091252Z-89617,75,1,75,75,75
pi5_linux_distributed,pdist-pilinux-20260730T091252Z-89617,100,1,100,100,100
pi5_linux_distributed,pdist-pilinux-20260730T091252Z-89617,1,2,1,1,1
pi5_linux_distributed,pdist-pilinux-20260730T091252Z-89617,5,2,5,5,5
pi5_linux_distributed,pdist-pilinux-20260730T091252Z-89617,10,2,10,10,10
pi5_linux_distributed,pdist-pilinux-20260730T091252Z-89617,25,2,25,25,25
pi5_linux_distributed,pdist-pilinux-20260730T091252Z-89617,50,2,50,50,50
pi5_linux_distributed,pdist-pilinux-20260730T091252Z-89617,75,2,75,75,75
pi5_linux_distributed,pdist-pilinux-20260730T091252Z-89617,100,2,100,100,100
pi5_linux_distributed,pdist-pilinux-20260730T091252Z-89617,1,3,1,1,1
pi5_linux_distributed,pdist-pilinux-20260730T091252Z-89617,5,3,5,5,5
pi5_linux_distributed,pdist-pilinux-20260730T091252Z-89617,10,3,10,10,10
pi5_linux_distributed,pdist-pilinux-20260730T091252Z-89617,25,3,25,25,25
pi5_linux_distributed,pdist-pilinux-20260730T091252Z-89617,50,3,50,50,50
pi5_linux_distributed,pdist-pilinux-20260730T091252Z-89617,75,3,75,75,75
pi5_linux_distributed,pdist-pilinux-20260730T091252Z-89617,100,3,100,100,100
